entry_id,arabic_name,disease_or_condition,treatment_method,expected_effect
1,الوسن,الآثار (البقع أو الندبات الجلدية),طلاءً بالعسل,يبرئ الآثار
1,الوسن,القرع (قروح الرأس الجلدية),طلاءً بالعسل,يبرئه
1,الوسن,بثور الرأس,استنشاقاً عن طريق الأنف (سعوطاً),كما ذُكر في الكتاب
1,الوسن,الزكام,استنشاقاً عن طريق الأنف (سعوطاً),كما ذُكر في الكتاب
1,الوسن,ضيق النفس,استنشاقاً عن طريق الأنف (سعوطاً),كما ذُكر في الكتاب
1,الوسن,بلغم القصبة الهوائية,كما يُستعمل النبات عموماً,كما ذُكر في الكتاب
1,الوسن,وخام المعدة (ثقل المعدة وسوء الهضم),كما يُستعمل النبات عموماً,كما ذُكر في الكتاب
1,الوسن,تنقية الكلى,شرباً بالعسل,ينقي الكلى
1,الوسن,احتباس الفضلات,شرباً بالعسل,يدر الفضلات
1,الوسن,القولنج,شرباً بالعسل,كما ذُكر في الكتاب
1,الوسن,عسر الهضم,كما يُستعمل النبات عموماً,يهضم الطعام
1,الوسن,الرياح الغليظة (الغازات والانتفاخ),كما يُستعمل النبات عموماً,يخرج الرياح الغليظة
1,الوسن,بلغم الوركين والمفاصل,كما يُستعمل النبات عموماً,كما ذُكر في الكتاب
1,الوسن,الصداع,يُعلق على الرأس في خرقة حمراء,يسكن الصداع
2,اطريال,أنواع الرياح وانسداد الأمعاء (الإيـلاوس),أكل النبات ولو بدون عسل,يسكن أنواع الرياح ويعالج انسداد الأمعاء
2,اطريال,أعضاء الجهاز التنفسي,كما يُستعمل النبات عموماً,يعمل على جلاء وتنقية أعضاء التنفس
2,اطريال,البلغم,كما يُستعمل النبات عموماً,يستأصل مادة البلغم ويقتلعها من مكانها حيث كانت
2,اطريال,احتباس الفضلات,كما يُستعمل النبات عموماً,يساعد على إدرار الفضلات وإخراجها
2,اطريال,السدد (الانسدادات),كما يُستعمل النبات عموماً,يفتح الانسدادات بفضل طعمه وحرارته
2,اطريال,تنقية الكلى والمثانة,كما يُستعمل النبات عموماً,ينقي الكلى والمثانة
2,اطريال,حصى الكلى والمثانة,يُحرق النبات مع الزجاج ويُؤخذ شرباً مع العسل,يفتت الحصى
2,اطريال,القروح,يُستخدم كضماد,يعمل على تجفيف القروح
2,اطريال,إسقاط الأجنة,بنفخه في الأذن أو استخدامه بأي طريقة أخرى,يؤدي إلى إسقاط الجنين
2,اطريال,الآثار الجلدية والندوب,يُستخدم كطلاء مع القطران,يزيل الآثار والندوب
2,اطريال,داء الكلب (الخوف من الماء),كما يُستعمل النبات عموماً,ذُكر أنه ينفع فيه ولو خاف المريض من الماء (ولم يثبت ذلك عند المؤلف)
2,اطريال,البرص,شرب ثلاثة دراهم بمفرده لمدة خمسة عشر يوماً (خاصة إذا كان قديماً أو في الأعصاب والعظام)، أو خلط درهم إلى اثنين منه مع نصف درهم من ورق السذاب وجلد الحية، أو شرب درهم منه مع مثله من التربد والزنجبيل وعرق القرح؛ مع اشتراط كشف المواضع المصابة للشمس يوماً والامتناع عن شرب الماء,ينفع من البرص نفعاً يقينياً ويبرئ الحالات المزمنة من مرة واحدة
2,اطريال,أمراض الكبد الحارة,يُصلح ضرره بإضافة السكنجبين,يضر الكبد الحارة
2,اطريال,أمراض الكلى,يُصلح ضرره بإضافة الكثيراء,قد يسبب ضرراً للكلى كما ذُكر في الكتاب
3,إيهل,الأواكل (القروح المتآكلة),كما يُستعمل النبات عموماً,بالغ النفع فيها
3,إيهل,الآثار (الندبات أو العلامات الجلدية),كما يُستعمل النبات عموماً,بالغ النفع في إزالتها
3,إيهل,العفونات (الالتهابات المتعفنة),كما يُستعمل النبات عموماً,بالغ النفع في علاجها عن طريق التحليل والتلطيف والجلاء (التنظيف)
3,إيهل,انحباس الطمث (الدورة الشهرية),بالدلك وبالشرب مع العسل,إدرار الطمث بقوة حتى يبول الدم
3,إيهل,الحاجة لإسقاط الأجنة,بالدلك وبالشرب مع العسل,إسقاط الأجنة
3,إيهل,الصمم (انسداد الأذن),يطبخ في الأدهان أو السمن ويُستعمل كقطرات في الأذن,يفتح انسداد الأذن (الصمم)
3,إيهل,آفات البطن كالديدان,يطبخ مع العسل ويؤكل,يخرج آفات البطن والديدان
3,إيهل,الربو,مسحوقاً مع العسل ويؤكل,يذهب الربو
3,إيهل,البواسير,مسحوقاً مع العسل ويؤكل,يذهب البواسير
3,إيهل,داء الثعلب,طلاءً (دهوناً موضعياً),علاج مجرب لذهاب داء الثعلب
3,إيهل,الأورام,كما يُستعمل ورق النبات عموماً,تحليل الأورام
3,إيهل,الجروح والقروح (الإدمال),كما يُستعمل النبات عموماً,يساعد على التئام الجروح (الإدمال)
3,إيهل,سعي القروح (انتشار القروح) والنملة (بثور جلدية محمرة),رشاً بالمسحوق (ذروراً),يمنع انتشار القروح ويعالج النملة
3,إيهل,الأوساخ الجلدية,بالدلك,تنقية الأوساخ
5,أبو قابس,الأوساخ (الشوائب والفضلات الجلدية),كما يُستعمل النبات عموماً,يقلعها ويخلص الجسم منها بمرارته
5,أبو قابس,سائر الآثار (الندوب والعلامات الجلدية),طلاءً بالعسل,يجلوها وينقي البشرة منها
5,أبو قابس,الربو,كما يُستعمل النبات عموماً,يزيله
5,أبو قابس,ضيق النفس,كما يُستعمل النبات عموماً,يزيله
5,أبو قابس,البلغم,كما يُستعمل النبات عموماً,يزيله
5,أبو قابس,النخام (الإفرازات المخاطية التنفسية),كما يُستعمل النبات عموماً,يزيله
5,أبو قابس,احتباس الفضلات,كما يُستعمل النبات عموماً,يدر سائر الفضلات ويخرجها
5,أبو قابس,عسر البول,كما يُستعمل النبات عموماً,يذهب به ويسهل خروج البول
5,أبو قابس,الاستسقاء,كما يُستعمل النبات عموماً,يذهب به
5,أبو قابس,موت الأجنة (أو الحاجة لإخراج الجنين),يُستخدم كتحميلة (لبوس مهبلي),يسقط الجنين ويخرجه
5,أبو قابس,النار الفارسية (نوع من الالتهابات الجلدية الحادة),شربه مع السنا,كما ذُكر في الكتاب
5,أبو قابس,الحكة,شربه مع السنا,كما ذُكر في الكتاب
8,ابزار القطة,أمراض الأعضاء الرئيسية (القلب والدماغ والكبد),كما يُستعمل النبات عموماً,مفرح وينفع هذه الأعضاء
8,ابزار القطة,خفقان القلب,كما يُستعمل النبات عموماً,يزيل الخفقان
8,ابزار القطة,السدد (الانسدادات الداخلية),كما يُستعمل النبات عموماً,يزيل الانسدادات
8,ابزار القطة,الرياح الغليظة (الغازات والانتفاخات),كما يُستعمل النبات عموماً,يحلل الرياح الغليظة
8,ابزار القطة,ضعف المعدة,كما يُستعمل النبات عموماً,يقوي المعدة
8,ابزار القطة,البرص,طلاءً برماد قشره,يذهب البرص
8,ابزار القطة,الأورام والدبيلات (الخراجات),إذا طُبخ بخمر وطُلي به (كضماد),يحلل الأورام والدبيلات
8,ابزار القطة,آلام المفاصل والنقرس,إذا طُبخ بخمر وطُلي به (كضماد),كما ذُكر في الكتاب
8,ابزار القطة,اليرقان (الصفار),استخدام حماضه (عصيره الحامض),ينفع من اليرقان
8,ابزار القطة,ضعف الشهوة,استخدام حماضه (عصيره الحامض),يقوي الشهوة
8,ابزار القطة,التسمم (ترياق السموم),شرب بذره (إلى ثلاثة) مع الشراب,يعمل كترياق للسموم
8,ابزار القطة,سم العقرب,شرب بذره مع الشراب,ينفع خصوصاً من سم العقرب
8,ابزار القطة,السموم وأمراض الأعضاء الأربعة (القلب، الدماغ، الكبد، الرئة),بذر النبات إذا حُل مع اللؤلؤ بعصيره الحامض في قارورة داخل الحمام,ينفع من كل سم ومرض في هذه الأعضاء
8,ابزار القطة,الزحير (تعنية وآلام الأمعاء),بذر النبات إذا حُل مع اللؤلؤ بعصيره الحامض,مجرب في علاجه
8,ابزار القطة,أضرار المعدة (الناتجة عن أكل لحم الثمرة),استخدام السكنجبين (خل وعسل) كـمُصلح,يُصلح ضررها على المعدة
8,ابزار القطة,الزكام (الناتج عن رائحة النبات),استخدام العود كـمُصلح,يمنع الزكام العارض من رائحتها
10,أئل,ضعف الكبد,يُطبخ النبات مع الخمر,يقوي الكبد تقوية مطلقة
10,أئل,القروح,يُطبخ بالماء مع العفص والرمان ويُشرب,يعمل على إزالتها (يقوم مقام حبوب الزئبق)
10,أئل,النار الفارسية (التهابات جلدية وبثور),يُطبخ بالماء مع العفص والرمان ويُشرب,يعمل على إزالتها
10,أئل,الأكلة (الغرغرينا),يُطبخ بالماء مع العفص والرمان ويُشرب,يعمل على إزالتها
10,أئل,النملة (بثور صغيرة تسبب حكة),يُطبخ بالماء مع العفص والرمان ويُشرب,يعمل على إزالتها
10,أئل,ضعف اللثة,باستعمال رماد النبات,يعمل على تقويتها وشدها
10,أئل,أوساخ الأسنان,باستعمال رماد النبات,يعمل على جلاء الأسنان وتنظيفها من الأوساخ
10,أئل,النزيف (خروج الدم),بأي طريقة استُعمل بها النبات,يعمل على قطع الدم ومنع النزيف
10,أئل,الآثار (الندبات أو العلامات الجلدية),سقي الكبريت بمائه وتقطيره سبع مرات ثم شربه,يعمل على إزالة الآثار
10,أئل,الشيب,سقي الكبريت بمائه وتقطيره سبع مرات ثم شربه,يمنع ظهور الشيب
10,أئل,ضعف الشعر وتساقطه,استعمال مغلي النبات أو رماده مع الزيت كطلاء,يعمل على تقوية وشد الشعر
10,أئل,استرخاء المقعدة,استعمال مغلي النبات أو رماده مع الزيت كطلاء,يعمل على شدها وتقويتها
10,أئل,الجدري,التبخير بالنبات,يقطع الجدري ويجففه بعد أسبوع من الإصابة
10,أئل,البواسير,التبخير بالنبات,يعمل على علاجها وقطعها
10,أئل,وجع الأسنان,خلط النبات مع اللنج (مادة صمغية),يمنع الوجع ويخففه
10,أئل,ضعف المعدة (كأثر جانبي للنبات),يُصلحه تناول الصمغ العربي,كما ذُكر في الكتاب
16,إجاص,العطش,كما يُستعمل النبات عموماً,يسكن العطش
16,إجاص,الأمراض الحارة,كما يُستعمل النبات عموماً,يسكنها جميعاً
16,إجاص,التهاب الجلد (الذلفة),كما يُستعمل النبات عموماً,يسكنها
16,إجاص,الغثيان,كما يُستعمل النبات عموماً,يسكن الغثيان
16,إجاص,القيء,كما يُستعمل النبات عموماً,يسكن القيء
16,إجاص,اضطرابات الدم,كما يُستعمل النبات عموماً,يحيي الدم
16,إجاص,الإمساك,بشرب مائه (سيما بالتلبين),يلين الأمعاء ويطلق البطن
16,إجاص,الانسدادات (السدد),كما يُستعمل النبات عموماً,يفتح الانسدادات
16,إجاص,القروح,طلاءً مع الخل,يجفف القروح خصوصاً في الصبيان
16,إجاص,الدود,طلاءً بورقه على البطن,يقتل الدود (مجرب)
16,إجاص,الجروح العتيقة,مسحوقاً (ذروراً) من ورقه,كما ذكر في الكتاب
16,إجاص,الصداع,صبَّاً (نطولاً) بطبيخ سائر أجزائه على الرأس,يسكن الصداع
16,إجاص,أوجاع اللثة,غرغرةً بطبيخ سائر أجزائه,يسكن أوجاع اللثة
16,إجاص,القوباء (القوابي),طلاءً بصمغه مع الخل,يقطع القوباء
16,إجاص,احتباس البول,شرباً (لصمغه) بالماء,يدر البول
16,إجاص,اللهيب (حرارة الجسم الداخلية),كما يُستعمل النبات عموماً,كما ذكر في الكتاب
19,أحيون,الموم (التهاب الغشاء البلوري),شرباً (بمقدار درهمين إلى مثقالين),يقاوم المرض
19,أحيون,أمراض القلب,كما يُستعمل النبات عموماً,يحمي القلب
19,أحيون,التسمم,يؤخذ شرباً قبل ورود السم إلى الجسم,يمنع تأثير السم
19,أحيون,وجع الظهر,كما يُستعمل النبات عموماً,يذهب الوجع
19,أحيون,الحصى,كما يُستعمل النبات عموماً,يفتت الحصى
19,أحيون,احتباس الفضلات,كما يُستعمل النبات عموماً,يدر الفضلات
19,أحيون,آلام المفاصل,كما يُستعمل النبات عموماً,ينفع في علاجها
19,أحيون,عرق النسا,كما يُستعمل النبات عموماً,ينفع في علاجه
24,إذخر,الأورام,كما يُستعمل النبات عموماً,يحللها ويؤدي إلى زوالها
24,إذخر,أوجاع الأسنان وغيرها من الأوجاع,مضمضة وطلاءً,يسكن الأوجاع
24,إذخر,الموم (التهاب غشاء الرئة أو القروح الحادة),كما يُستعمل النبات عموماً,يقاومه
24,إذخر,طرد الهوام (الحشرات والزواحف),نثره في الفراش,يطردها
24,إذخر,فضلات الجسم,كما يُستعمل النبات عموماً,يدبرها ويساعد في تصريفها وتنظيمها
24,إذخر,الحصى (حصوات الكلى والمثانة),كما يُستعمل النبات عموماً,يفتتها
24,إذخر,نفث الدم (خروج الدم مع السعال),كما يُستعمل النبات عموماً,يمنعه
24,إذخر,شوائب الصدر والمعدة,كما يُستعمل النبات عموماً,ينقيهما
24,إذخر,فضول البلغم في الدماغ,خلطاً مع المصطكى,ينقي الدماغ منها
24,إذخر,أمراض الطحال,خلطاً مع السكنجبين (شراب الخل والعسل),كما ذُكر في الكتاب
24,إذخر,عسر البول,مع ماء عشب النجيل شرباً أو غسولاً موضعياً,كما ذُكر في الكتاب
24,إذخر,الغثيان,خلطاً مع الفلفل,كما ذُكر في الكتاب
25,آذريون,تنقية الدماغ والصدر والأحشاء,كما يُستعمل النبات عموماً,يعمل على تنقيتها من الفضلات
25,آذريون,القولنج,كما يُستعمل النبات عموماً,يعمل على حل القولنج ويعادل مفعول نبات الأطريلال في ذلك
25,آذريون,هوام البطن (الديدان والطفيليات),كما يُستعمل النبات عموماً,يخرج الهوام من البطن
25,آذريون,تفتيت الحصى,كما يُستعمل النبات عموماً,يعمل على تفتيت الحصى
25,آذريون,احتباس الفضلات,كما يُستعمل النبات عموماً,يدر الفضلات ويساعد على إخراجها
25,آذريون,إسقاط الأجنة,إمساكه في اليد اليسرى وتطبيق اليد اليمنى عليها,يؤدي إلى سقوط الجنين
25,آذريون,عقم النساء (العواقر),كتحاميل مهبلية (احتمالاً),يساعد على الحمل
25,آذريون,سدد الدماغ (انسدادات الدماغ),كما يُستعمل النبات عموماً,يفتح السدد الموجودة في الدماغ
25,آذريون,ذهاب حاسة الشم,كما يُستعمل النبات عموماً,يعيد حاسة الشم التي فُقدت
25,آذريون,ضعف البصر,استنشاقاً عن طريق الأنف (سعوطاً),يحد البصر ويقويه
25,آذريون,أوجاع ومشاكل الأسنان,غرغرة,يصلح الأسنان ويعالجها
25,آذريون,أم الصبيان (تشنجات أو أمراض الأطفال),كما يُستعمل النبات عموماً,كما ذُكر في الكتاب
25,آذريون,الاستسقاء,كما يُستعمل النبات عموماً,يذهب الاستسقاء ويشفيه
25,آذريون,أمراض الطحال,كما يُستعمل النبات عموماً,يذهب أمراض الطحال ويشفيها
25,آذريون,اليرقان (الصفار),كما يُستعمل النبات عموماً,يذهب اليرقان ويشفيه
25,آذريون,آلام المفاصل,طلاءً (دهوناً موضعية),يذهب آلام المفاصل ويشفيها
25,آذريون,عرق النسا (المذكور في النص: النا),طلاءً (دهوناً موضعية),يذهب آلام عرق النسا ويشفيه
25,آذريون,الخنازير (تضخم الغدد اللمفاوية),طلاءً (دهوناً موضعية),يذهب الخنازير ويشفيها
26,أذراقى,الأورام والالتهابات (التي تحتاج إلى تحليل),طلاءً,يحللها (يذيبها ويفرقها)
26,أذراقى,الأوجاع المزمنة,طلاءً,يسكنها (يخفف الألم)
27,آذان الفأر,السموم,طلاءً,ينفع منها
27,آذان الفأر,الأورام,طلاءً,ينفع منها
27,آذان الفأر,الآثار (الندبات أو العلامات الجلدية),طلاءً,ينفع منها
27,آذان الفأر,ضعف القدرة الجنسية,عصارته مزجاً وشرباً (من الصنف الحار منه),يهيج الجماع
27,آذان الفأر,اللهيب (حرارة المعدة أو الجسم),شم النوع الذي له رائحة كالخيار,يسكن اللهيب
27,آذان الفأر,الغثيان,شم النوع الذي له رائحة كالخيار,يسكن الغثيان
27,آذان الفأر,الديدان,الصنف الذي له رائحة كالخيار إذا أُتبع بأكل السمك المالح,يقتل الديدان
28,آذان الآأرنب,ضعف المعدة,كضماد,كما ذُكر في الكتاب
28,آذان الآأرنب,أمراض الصدر,كأدوية مع العسل,كما ذُكر في الكتاب
28,آذان الآأرنب,السعال,كأدوية مع العسل,كما ذُكر في الكتاب
28,آذان الآأرنب,الأورام,كما يُستعمل النبات عموماً,محلل للأورام
28,آذان الآأرنب,تضرر الكلى (كعرض جانبي),يُصلح بالسكر,كما ذُكر في الكتاب
30,آذان الفيل,إسهال البطن,كما يُستعمل النبات عموماً,يمسك البطن (يعالج الإسهال)
30,آذان الفيل,الزحير (آلام الحوض مع رغبة ملحة في التبرز) والمغص,يُستخدم مع الشحم والدهن,يذهب الزحير والمغص
30,آذان الفيل,العطش والغثيان,يُستخدم مع اللبن الحامض,يزيل العطش ويوقف الغثيان
30,آذان الفيل,الإسهال,يُستخدم مع المرق (الماء),يعالج الإسهال ويوقفه
30,آذان الفيل,الهزال (النحافة الشديدة),يُستخدم مع السكر والحليب,يعالج الهزال ويساعد على زيادة الوزن
30,آذان الفيل,سوء الأحلام واضطراب الأخلاط وتغير لون البشرة,كما يُستعمل النبات عموماً,يحسن الأحلام وينقي الأخلاط ويحسن ألوان البشرة
30,آذان الفيل,ضعف البدن وقصر العمر,الإكثار من تناوله (كما ذكرت كتب الهند),يصلح الأبدان ويطيل العمر
30,آذان الفيل,القولنج (تشنج وألم الأمعاء) والإمساك المفرط,نقعه في ماء النخالة وأكله بالحلو (لإصلاح ضرره),يمنع توليد القولنج والإمساك الذي يسببه النبات عند الإكثار منه
30,آذان الفيل,الأمراض الرديئة (الأمراض السيئة),تجنب تناوله مع الخل,يسبب أمراضاً رديئة عند خلطه بالخل
30,آذان الفيل,الدبيلات (الخراجات والدمامل),يُستخدم مسحوقه مع الشحم كطلاء,يساعد على تفجير وفتح الخراجات
30,آذان الفيل,الآثار (الندوب والبقع على الجلد),يُستخدم مع الترمس كطلاء,يزيل الآثار وينقي البشرة
30,آذان الفيل,الجروح,يُستخدم كعصيدة (طبخه حتى يغلظ) توضع على الجرح,يساعد على ملء الجروح والتئامها
30,آذان الفيل,شيب الشعر (أو الرغبة في تبييض لونه),وضع عصيدة النبات على الشعر لفترة من الزمن,يؤدي إلى تبييض الشعر
30,آذان الفيل,الرغبة في إسقاط الأجنة (الإجهاض),شرب ماء النبات المطبوخ بقشره,يؤدي إلى إسقاط الأجنة
30,آذان الفيل,الكرب (الضيق والغم) والصداع,شرب ماء النبات المطبوخ بقشره,يسبب الكرب وألم الرأس (عرض جانبي)
35,أرمالك,انتشار قروح الجلد التآكلية (الآواكل),شرباً وطلاءً,يمنع انتشارها
35,أرمالك,آلام وضربان المفاصل,شرباً وطلاءً,كما ذُكر في الكتاب
35,أرمالك,أمراض الأسنان,شرباً وطلاءً,كما ذُكر في الكتاب
35,أرمالك,اعتلال الأظافر,كما يُستعمل النبات عموماً,يُصلحها ويحسن حالتها
35,أرمالك,احتباس الفضلات في الجسم,كما يُستعمل النبات عموماً,يدر الفضلات ويخرجها من الجسم ما عدا الحليب
35,أرمالك,الروائح الكريهة (البخار الكريه),كما يُستعمل النبات عموماً,يقطع الرائحة الكريهة ويزيلها أينما كانت
35,أرمالك,الصداع الناتج عن استخدامه,بخلطه مع الكزبرة,تُصلح الكزبرة ضرره وتمنع الصداع
36,ارخيقن,الآثار (البقع أو الندبات على الجلد),كما يُستعمل النبات عموماً,يجلوها وينقي البشرة منها
36,ارخيقن,الصلابات (الأورام أو الكتل الصلبة في الجسم),كما يُستعمل النبات عموماً,يحللها ويفككها
36,ارخيقن,الأوجاع (الآلام المختلفة),كما يُستعمل النبات عموماً,يسكنها ويخفف من حدتها
36,ارخيقن,احتباس الدم (ضعف سريان الدم أو تأخر الطمث),كما يُستعمل النبات عموماً,يدر الدم ويحفز تدفقه
36,ارخيقن,السدد (الانسدادات في مجاري وأعضاء الجسم),كما يُستعمل النبات عموماً,يفتح الانسدادات ويزيلها
36,ارخيقن,أمراض الطحال,شرب نصف رطل من النبات يومياً مع مادة حلوة (ولا يشترط السكر),يذهب بأمراض الطحال ويعالجها
36,ارخيقن,اليرقان (اصفرار الجسم),شرب نصف رطل من النبات يومياً مع مادة حلوة (ولا يشترط السكر),يذهب باليرقان ويعالجه
36,ارخيقن,الاستسقاء (تجمع السوائل في الجسم),شرب نصف رطل من النبات يومياً مع مادة حلوة (ولا يشترط السكر),يذهب بالاستسقاء ويعالجه
36,ارخيقن,الصداع (الناتج كأثر جانبي لاستخدام النبات),السكنجبين (شراب الخل والعسل),يُصلح أثر النبات ويمنع الصداع
37,أراك,السدد (الانسدادات في المجاري),شرب طبيخه (مغلي النبات) أو تناول حبه (ثماره),يفتح السدد
37,أراك,البلغم,شرب طبيخه (مغلي النبات) أو تناول حبه (ثماره),يقطع البلغم
37,أراك,الرطوبات اللزجة,شرب طبيخه (مغلي النبات) أو تناول حبه (ثماره),يقطعها
37,أراك,الرياح الغليظة (الغازات والانتفاخات),شرب طبيخه (مغلي النبات) أو تناول حبه (ثماره),يقطعها
37,أراك,الأوجاع,غليه في الزيت واستخدامه طلاءً,يسكن الأوجاع
37,أراك,أورام الرحم,غليه في الزيت واستخدامه طلاءً,يحلل الأورام
37,أراك,البواسير,غليه في الزيت واستخدامه طلاءً,يحللها
37,أراك,السعفة (قروح جلدية),غليه في الزيت واستخدامه طلاءً,يحللها
37,أراك,ضعف المعدة,تناول حبه (ثماره),لا يقوم مقام حبه في تقوية المعدة شيء
37,أراك,فقدان الشهية,تناول حبه (ثماره),فتح الشهية بشكل لا يقوم مقامه شيء
37,أراك,النوازل (الالتهابات والإفرازات),استخدام ورقه طلاءً,يحللها ويمنعها
37,أراك,الماشرا (نوع من الطفح الجلدي),استخدام ورقه طلاءً,يحللها ويمنعها
37,أراك,النملة (بثور جلدية صغيرة),استخدام ورقه طلاءً,يحللها ويمنعها
37,أراك,فضلات الأسنان ومشاكل اللثة,تنظيف الأسنان بعوده (السواك),يجلو الأسنان ويقويها ويصلح اللثة وينقيها من الفضلات
38,أرقيطون,أمراض الفم والأسنان,كما يُستعمل النبات عموماً,لا يضاهيه شيء في الفعالية
38,أرقيطون,أوجاع الصدر,كما يُستعمل النبات عموماً,كما ذُكر في الكتاب
38,أرقيطون,ارتجاع أو قيء المعدة,كما يُستعمل النبات عموماً,كما ذُكر في الكتاب
38,أرقيطون,آلام العضلات,كما يُستعمل النبات عموماً,تسكينها
39,أرجوان,تراكم الأخلاط اللزجة,كما يُستعمل النبات عموماً,يخرج الأخلاط اللزجة من الجسم
39,أرجوان,برد المعدة والكلى والكبد,كما يُستعمل النبات عموماً,ينفع من برودة هذه الأعضاء
39,أرجوان,كدورة البشرة,كما يُستعمل النبات عموماً,يصفى اللون
39,أرجوان,فضلات وشوائب أعضاء التنفس والمعدة,طبيخه (مغلي النبات),ينقي آلات التنفس والمعدة بقوة
39,أرجوان,النزف,محروقه (رماد النبات بعد حرقه),يحبس النزف ويوقفه
39,أرجوان,قلة الخصوبة أو الهزال,كما يُستعمل النبات عموماً,يخصب البدن جداً (يزيد النماء والخصوبة)
39,أرجوان,الغثيان (الناتج عن تناول النبات),ورق العناب والنمام,يصلح أثر النبات ويمنع الغثيان
43,أرسطونوجيا,السدد (الانسدادات في الجسم),كما يُستعمل النبات عموماً,يفتح السدد
43,أرسطونوجيا,احتباس الفضلات,كما يُستعمل النبات عموماً,يدر الفضلات (يساعد في إخراجها)
43,أرسطونوجيا,السموم,عصارة وطبيخاً وشرباً,يقاوم السموم
43,أرسطونوجيا,الغثيان,طلاءً (دهوناً),يمنع الغثيان
43,أرسطونوجيا,الحصى (حصى الكلى والمثانة),كما يُستعمل النبات عموماً,يفتت الحصى بشكل عام
43,أرسطونوجيا,الخنازير (التهاب وتضخم الغدد اللمفاوية),كما يُستعمل النبات عموماً,يحللها (يخفف أورامها)
43,أرسطونوجيا,الصداع,نطولاً (غسلاً وصبّاً لمغلي النبات على الرأس),كما ذُكر في الكتاب
43,أرسطونوجيا,التسمم الناتج عن أكل ثمرة هذا النبات,بالقيء وشرب اللبن وأكل التفاح والرمان,يعالج شاربها (يعالج حالة التسمم)
43,أرسطونوجيا,قروح الرأس,حراقته (الرماد الناتج عن حرقه) وعصارته,تبرئ القروح
43,أرسطونوجيا,قصر الشعر (الرغبة في تطويله),وضعه على الشعر مع المرادسنج ودهن الورد وغسل الرأس كل ثلاثة أيام,يطول الشعر
46,اسفاناخ,جميع أمراض الصدر,يُؤكل نيئاً أو مطبوخاً,ينفع منها
46,اسفاناخ,الالتهاب,يُؤكل نيئاً أو مطبوخاً,ينفع منه
46,اسفاناخ,العطش,يُؤكل نيئاً أو مطبوخاً,ينفع منه
46,اسفاناخ,الحرقة (الخلقة),يُؤكل نيئاً أو مطبوخاً,ينفع منها
46,اسفاناخ,المرارة والحدة,يُؤكل نيئاً أو مطبوخاً,ينفع منها
46,اسفاناخ,الحميات,أكلاً,كما ذُكر في الكتاب
46,اسفاناخ,اليرقان,شرب عصارته مع السكر (بمقدار عشرة دراهم),تذهب اليرقان
46,اسفاناخ,أوجاع الخصى,شرب عصارته مع السكر (بمقدار عشرة دراهم),تذهب الأوجاع
46,اسفاناخ,عسر البول,شرب عصارته مع السكر (بمقدار عشرة دراهم),يذهب عسر البول
46,اسفاناخ,القمل,يطبخ ماؤه مع نبات الزراوند والزرنيخ الأحمر,يقتل القمل (مجرب)
46,اسفاناخ,الأورام الفلغمونية (الالتهابية),يربط النبات نيئاً كضماد,يسكنها
46,اسفاناخ,سم الزنابير (لسع الزنابير),يربط النبات نيئاً كضماد,يسكن الألم والسم
46,اسفاناخ,الدبيلات (الخراجات والدمامل),يربط النبات نيئاً كضماد,يفجرها ويفتحها
46,اسفاناخ,البثور (الحبوب الجلدية),يطبخ ويهرس مع الإسفيداج ويستخدم كطلاء,يحللها ويزيلها
46,اسفاناخ,ضعف المعدة وبطء الهضم (لأصحاب الأمزجة الباردة),يطبخ مع زيت اللوز والقرفة (الدارصيني),يصلح الهضم ويقوي المعدة
47,أسارون,أمراض المعدة والكبد والكلى والطحال (الناتجة عن الأخلاط الباردة),الأكل,ينقيها ويلطفها ويفتح انسداداتها
47,أسارون,أورام أو احتقان الخصيتين,الأكل,يحلل الأورام أو الاحتقان
47,أسارون,عسر البول,الأكل,يحلل العسر ويسهل خروج البول
47,أسارون,أوجاع الوركين وعرق النسا والنقرس,شرب المنقوع في العصير لمدة شهرين (بمقدار ثلاثة مثاقيل في أربعة أرطال ونصف),علاج هذه الأوجاع وتسكينها
47,أسارون,ضعف القدرة الجنسية,شرباً، أو كضماد يوضع بين الوركين مع حليب الإبل أو الغنم,يهيج القدرة الجنسية
47,أسارون,نقص السائل المنوي,كما يُستعمل النبات عموماً,يزيد في كمية السائل المنوي
47,أسارون,تراكم الفضلات في الجسم,كما يُستعمل النبات عموماً,يدر الفضلات ويخرجها من الجسم
47,أسارون,أمراض قرنية العين,يوضع في أدوية العين (الأكحال),يصلح القرنية ويشفيها
47,أسارون,وجود العقارب,استخدام دخان النبات (تبخيراً),يطرد العقارب
47,أسارون,تضرر الرئة,يُصلحه الميويزج (زبيب الجبل),يزيل الضرر الذي قد يسببه النبات للرئة
48,اسطوخودس,تراكم الفضلات في الدماغ,كما يُستعمل النبات عموماً,ينقي الدماغ (ويسمى مكنسة الدماغ)
48,اسطوخودس,ضعف القلب والكرب,كما يُستعمل النبات عموماً,يفرح ويقوى القلب
48,اسطوخودس,أمراض الصدر والسعال وقذف المواد (البلغم),كما يُستعمل النبات عموماً,فعله فيها أقوى من الزوفا
48,اسطوخودس,انسداد وفضلات الكلى والطحال والمعدة والكبد,المطبوخ (المغلي) أو المنقوع منه في العصير,لا يعدله شيء في تنقية هذه الأعضاء
48,اسطوخودس,الاستسقاء والورم,المطبوخ (المغلي) أو المنقوع منه في العصير,تحليلها وإزالتها
48,اسطوخودس,أمراض المقعدة (الشرج) كلها,شرباً أو كتحميلة مع ثلثه من قشر الكندر,يصلحها
48,اسطوخودس,غشاوة العين وضعف البصر,يُستخدم كنشوق (سعوط) عن طريق الأنف بماء العسل,يجلو العين ويحد البصر وينقي الدماغ
48,اسطوخودس,المغص والرياح (الغازات),شرباً,يسكنها
48,اسطوخودس,الكيموسات الرديئة (الأخلاط الضارة) والعفونات,يُؤخذ مع السكنجبين (شراب الخل والعسل) والملح الهندي,يسهل خروجها من الجسم
48,اسطوخودس,الصداع والماليخوليا (الاكتئاب والوسواس),يُؤخذ مع السكنجبين والملح الهندي,يبرئ منها
48,اسطوخودس,آلام المفاصل والرعشة,يُؤخذ مع السكنجبين والملح الهندي,يبرئ منها تماماً
48,اسطوخودس,النفخ (الغازات) ووجع العصب والأضلاع,يُؤخذ مع الشراب,يزيل الوجع والنفخ
48,اسطوخودس,الصداع المتقادم (المزمن),يُؤخذ كمربى بالعسل أو السكر مع المداومة عليه,يذهب الصداع
48,اسطوخودس,النزلات والرمد والترهل والارتخاء والربو والصمم وضعف البصر,خلطاً أو مغلياً مع الكزبرة والمرزنجوش والمصطكى والكابلي والكندر، ويواظب عليه عند النوم,يذهب هذه العلل وهو مجرب
48,اسطوخودس,الكرب والغثيان (كأثر جانبي للنبات نفسه),يُصلحه تناول السكنجبين (شراب الخل والعسل),يزيل الكرب والغثيان
48,اسطوخودس,ضرر الرئة (كأثر جانبي للنبات نفسه),يُصلحه تناول الكثيراء أو القنة أو الحماما,يزيل ضرره عن الرئة
49,أسل,الأوجاع,أصل النبات كضماد حيث كانت,يحلل الأوجاع ويخففها
49,أسل,الاستسقاء,شرب النبات أو استخدام النوع الخشن منه,ينفع فيه ويجفف السوائل الزائدة
49,أسل,السهر (الأرق),كما يُستعمل النبات عموماً,ينفع فيه ويجلب النوم
49,أسل,الماليخوليا (الاضطراب النفسي),كما يُستعمل النبات عموماً,كما ذُكر في الكتاب
49,أسل,النزيف (خروج الدم),رماد أصل النبات,يقطع الدم ويوقف النزيف
49,أسل,الحكة,رماد أصل النبات مع رماد سعف النخيل,يبرئ الحكة ويشفيها
49,أسل,الخنازير (التهاب وتضخم الغدد اللمفاوية),أصل النبات,يحلل الأورام ويصرفها
49,أسل,الأبدان الرهلة (الأجسام المترهلة),النوم على الحصر المصنوعة من هذا النبات,يصلح الأبدان ويشد ترهلها
50,اسليح,الأخلاط الغليظة,كما يُستعمل النبات عموماً,يعمل على تحليل الأخلاط الغليظة
50,اسليح,الأورام,كما يُستعمل النبات عموماً,لا يعادله شيء في دفعها وإزالتها
50,اسليح,السموم,كما يُستعمل النبات عموماً,فعال جداً في دفع وإبطال أثر السموم
50,اسليح,الرياح (الغازات),كما يُستعمل النبات عموماً,يعمل على طرد وإزالة الرياح
50,اسليح,المغص,كما يُستعمل النبات عموماً,يعمل على إزالته وعلاجه
50,اسليح,آلام المفاصل,كما يُستعمل النبات عموماً,يسكن آلام المفاصل
50,اسليح,تورم الخصيتين,يُستخدم كضماد وأكلاً,يعمل على تقليل التورم وتصغير حجمهما
50,اسليح,غازات الخصيتين,أخذ أجزاء متساوية منه ومن الشيح والترمس مع القليل من الجندبادستر ويُصنع منه حبوب يُبتلع منها مقدار درهمين يومياً,يعمل على إذهاب الرياح من الخصيتين
50,اسليح,وضعية الخصيتين (الحاجة لرفعهما),الاستمرار في تناول الحبوب المكونة منه ومن الشيح والترمس والجندبادستر,يؤدي إلى رفع الخصيتين
50,اسليح,الديدان,كما يُستعمل النبات عموماً,يقتل الديدان
50,اسليح,تضرر الرئة,يُستعمل معه الصمغ,يعمل الصمغ على إصلاح ضرر النبات على الرئة
51,أس,الصداع والنزلات,كما يُستعمل النبات عموماً,ينفع منها بشكل عام
51,أس,الصمم,قطرة في الأذن,كما ذُكر في الكتاب
51,أس,الإسهال والنزيف,كيفما استعمل,يحبسهما ويوقفهما
51,أس,الحصى,شرباً,يفتتها
51,أس,نزف الأرحام,الجلوس في مغليه (طبيخه),يوقفه
51,أس,بروز المقعدة,الجلوس في مغليه (طبيخه),كما ذُكر في الكتاب
51,أس,البواسير,طلاءً (دهوناً),يضعفها
51,أس,الكسر,شرباً,يجبر الكسر (يساعد على التئامه)
51,أس,الداحس (التهاب حول الظفر),خلطاً مع الشمع,يفجره ويفتحه
51,أس,حروق النار,خلطاً مع الزيت,كما ذُكر في الكتاب
51,أس,الآثار (الندبات) والحكة,خلطاً مع الطين الأرمني والخل,يجلوها ويزيلها
51,أس,الاسترخاء (ضعف الأعضاء),شرباً,يشد العضو المسترخي ويقويه
51,أس,الورم,شرباً,يزيله
51,أس,العرق المتغير (رائحة الجسم الكريهة),شرباً,يزيله
51,أس,هواء الوباء والهوام,بخوراً,يزيلهما ويطرد السموم
51,أس,ضعف الناقهين (فترة استعادة الصحة بعد المرض),كضماد مع العفص والعدس والورد والآفاقيا,يصلح حالهم ولا يعدله شيء في هذا النفع
51,أس,الظفرة واللاق والدمعة (أمراض العين),رماده,مفعوله في العلاج أعظم من التوتياء
51,أس,البواسير,مسحوقاً مع السندروس والخنافس وبنات وردان كبخور,يقطعها إذا استمر على استخدامه
51,أس,تساقط الشعر (عدم نمو الشعر),يُنقع مع الأملج أسبوعاً ثم يُطبخ بزيت السمسم حتى يتبخر الماء,ينبت الشعر (مجرب)
51,أس,السكر (آثار شرب الخمر),شرب مغلّى ثمره (رب ثمره) قبل الشرب,يمنع حدوث السكر
51,أس,ضعف الأحشاء,شرب مغلّى ثمره (رب ثمره),يقوي الأحشاء
51,أس,السموم (الموم) ولسعة العنكبوت (الرتيلاء),كما يُستعمل النبات عموماً,يمنع ضررها
51,أس,الحزاز (قشرة الرأس أو تقرحاتها),كما يُستعمل النبات عموماً,يذهبه ويشفيه
52,آسيوس,القروح,استخدماً خارجياً (ظاهراً) وداخلياً (باطناً),يعالجها ويبرؤها
52,آسيوس,النزيف (خروج الدم),بأي طريقة استُعمل بها,يعالجه ويقطعه كما ذُكر في الكتاب
52,آسيوس,بياض العين,ككحل للعين,يقلعه ويزيله
52,آسيوس,الآثار الجلدية,طلاءً (دهاناً) على الجلد,يقلعها ويزيلها
52,آسيوس,الجراح,كما يُستعمل النبات عموماً,يساعد في ختمها والتئامها
52,آسيوس,النقرس,كضماد مع العسل,يسكن أوجاعه
52,آسيوس,آلام المفاصل,كضماد مع العسل,يسكن أوجاعها
52,آسيوس,عرق النسا,كضماد مع العسل,يسكن أوجاعه
52,آسيوس,الأورام,كما يُستعمل النبات عموماً,يحللها ويذيبها حيثما كانت
56,أسرار,الأمراض ذات الطبيعة الباردة,بجميع طرق استعماله (كيف استعمل),ينفع من سائر هذه الأمراض
56,أسرار,تراكم البلغم في المفاصل,كما يُستعمل النبات عموماً,يستأصل البلغم ويزيله من المفاصل
56,أسرار,تصاعد الأبخرة في الجسم (البخار),كما يُستعمل النبات عموماً,يحبس الأبخرة ويمنع تصاعدها
56,أسرار,ضعف القدرة الجنسية (تحريك الباه),تناول مقدار نصف درهم,شديد النفع في تنشيط القدرة الجنسية
56,أسرار,التصلبات (الصلابات),كما يُستعمل النبات عموماً,يحلل الصلابات ويذيبها
56,أسرار,الانسدادات (السدد),كما يُستعمل النبات عموماً,يفتح الانسدادات في الجسم
56,أسرار,خمول الحرارة الغريزية (الطاقة الحيوية في الجسم),كما يُستعمل النبات عموماً,ينعش الحرارة الغريزية ويقويها
59,أشق,الصداع,شرباً بماء الشعير والعسل، أو طلاءً بالزفت والحناء ودهن الورد والخل,يزيله
59,أشق,السعال,شرباً بماء الشعير والعسل,يزيله
59,أشق,الدمعة (زيادة إفراز الدمع),طلاءً ودهاناً حول العين,يزيلها
59,أشق,الورم,طلاءً بالزفت والحناء ودهن الورد والخل,يحلل الورم ويزيله
59,أشق,القروح,طلاءً بالزفت والحناء ودهن الورد والخل,يزيلها
59,أشق,البياض (إعتام عدسة العين أو عتامة القرنية),كما يُستعمل النبات عموماً,يزيله
59,أشق,الرمد (التهاب العين),كما يُستعمل النبات عموماً,يزيله
59,أشق,نفث المدة والدم (بصق القيح والدم),شرباً بماء الشعير والعسل,يزيله
59,أشق,أمراض الكبد,شرباً بماء الشعير والعسل مع الأنيسون,كما ذُكر في الكتاب
59,أشق,أمراض الطحال,شرباً بماء الشعير والعسل,كما ذُكر في الكتاب
59,أشق,أمراض الكلى,شرباً بماء الشعير والعسل مع الزوفا,كما ذُكر في الكتاب
59,أشق,أمراض المثانة,شرباً بماء الشعير والعسل,كما ذُكر في الكتاب
59,أشق,الحصى,شرباً بماء الشعير والعسل,كما ذُكر في الكتاب
59,أشق,أوجاع الخاصرة,شرباً بماء الشعير والعسل,كما ذُكر في الكتاب
59,أشق,أوجاع الجنب,شرباً بماء الشعير والعسل,كما ذُكر في الكتاب
59,أشق,النقرس,كما يُستعمل النبات عموماً,كما ذُكر في الكتاب
59,أشق,الصرع,كما يُستعمل النبات عموماً,كما ذُكر في الكتاب
59,أشق,الخنازير (التهاب وتورم الغدد اللمفاوية),كما يُستعمل النبات عموماً,كما ذُكر في الكتاب
59,أشق,الخوانيق (التهاب الحلق واللوزتين),كما يُستعمل النبات عموماً,كما ذُكر في الكتاب
59,أشق,الخشونات (خشونة الجلد أو الحلق),كما يُستعمل النبات عموماً,كما ذُكر في الكتاب
59,أشق,الجرب,طلاءً بالزفت والحناء ودهن الورد والخل,كما ذُكر في الكتاب
59,أشق,ريح الأنثيين (انتفاخ أو غازات الخصيتين),طلاءً ودهاناً,يزيلها
59,أشق,دود البطن,شرباً بماء الشعير والعسل,يخرجه
59,أشق,الجروح,خلطاً مع المراهم,يدملها ويساعد على التئامها
59,أشق,احتباس الطمث (الدورة الشهرية),شرباً بماء الشعير والعسل,يدر الدم
59,أشق,بقاء الأجنة في الرحم,شرباً بماء الشعير والعسل,يخرج الأجنة
60,اشترغار,السدد (الانسدادات في مجاري الجسم),كما يُستعمل النبات عموماً,يفتحها
60,اشترغار,السموم,كما يُستعمل النبات عموماً,ينفع منها
60,اشترغار,آلام المفاصل,كما يُستعمل النبات عموماً,ينفع منها
60,اشترغار,اليرقان (اصفرار الجلد),كما يُستعمل النبات عموماً,ينفع منه
60,اشترغار,الإسهال المراري,كما يُستعمل النبات عموماً,ينفع منه
60,اشترغار,الخلفة (الإسهال المتكرر),كما يُستعمل النبات عموماً,ينفع منها
60,اشترغار,الأورام,طلاءً بالخل,يحللها
60,اشترغار,احتباس البول,كما يُستعمل النبات عموماً,يدر البول
60,اشترغار,أمراض الكبد والكلى والطحال,شرب ماؤه المقطر,جيد لها كما ذكر في الكتاب
61,أشنه,تراكم الأخلاط,مسحوقة مع الخل,تسهيل خروج الأخلاط والفضلات
61,أشنه,ضعف المعدة والكبد والكلى والطحال,مع الشراب,تقوية هذه الأعضاء
61,أشنه,الإعياء والتعب,مع صمغ الأشق طلاءً,تذهب الإعياء والتعب
61,أشنه,أمراض العين,كما يُستعمل النبات عموماً,تصلح العين جداً
62,أشحيص,الاستسقاء (تجمع السوائل في الجسم),كما يُستعمل النبات عموماً,يخلص الجسم من الاستسقاء ويستأصل أصل البلغم والماء الأصفر
62,أشحيص,الجنون,كما يُستعمل النبات عموماً,ينفع منه كما ذكر في الكتاب
62,أشحيص,الصرع,كما يُستعمل النبات عموماً,ينفع منه كما ذكر في الكتاب
62,أشحيص,التوحش (الاضطراب والوحشة النفسية),كما يُستعمل النبات عموماً,ينفع منه كما ذكر في الكتاب
62,أشحيص,القلاع (تقرحات الفم),رماد أصله (جذوره),يذهب بالقلاع وهو مُجرّب
62,أشحيص,السن المتآكل (تسوس الأسنان),صمغه,يفتت السن المتآكل
62,أشحيص,ضعف الأحشاء,تناول النبات مع الحليب,يقوي الأحشاء
62,أشحيص,الأورام الباطنة,تناولاً,يحلل الأورام الباطنة
62,أشحيص,الأورام الظاهرة,طلاءً مع الخل,يحلل الأورام الظاهرة
